"Prénom","Code"
"Jasmine","u"
"Chloe","z"
"Jesse","g"
"Calista","s"
"Dana","i"
"Lionel","y"
"Abdel","f"
"Iola","s"
"Annabelle","r"
"Tatiana","v"
"Kenyon","e"
"Kasimir","q"
"Tasha","x"
"Nayda","n"
"Aymé","g"
"Odessa","q"
"Kylynn","l"
"Isaiah","r"
"Amandine","i"
"Brenna","t"
"Hyatt","s"
"Germaine","b"
"Sierra","j"
"Alea","s"
"Charlie","v"
"Holly","x"
"Shana","l"
"Tiger","l"
"Uma","t"
"Ana","g"
"Ignatius","m"
"Brendan","b"
"Reese","u"
"Francesca","q"
"Ethan","o"
"Camille","n"
"Aubrey","v"
"Catherine","h"
"Charde","w"
"Maya","p"
"Noa","o"
"Kessie","v"
"Graham","z"
"Demetrius","j"
"Stephanie","o"
"Malcolm","a"
"Aline","o"
"Alberto","i"
"Louis","d"
"Illana","c"
"Rahim","i"
"Moana","k"
"Madison","e"
"Paolo","e"
"Adam","r"
"Shelly","x"
"Drake","a"
"Hedy","m"
"Lewis","b"
"Athena","g"
"Dalton","o"
"Debra","r"
"Erich","g"
"Melissa","b"
"Jena","r"
"Madeleine","p"
"Ali","k"
"Maggy","k"
"Grady","d"
"Chastity","h"
"Kuame","p"
"Vielka","c"
"Theodore","f"
"Constance","d"
"Brian","n"
"Griffin","m"
"Nigel","a"
"Timothy","c"
"Brody","j"
"Chaney","z"
"Kathleen","u"
"Justina","s"
"Reuben","r"
"Laura","a"
"Neve","g"
"Zena","j"
"Daryl","e"
"Azouz","j"
"Hedley","n"
"Carly","l"
"Kimberley","w"
"Fay","h"
"Gabriel","t"
"Alain","a"
"Alexandre","e"
"Upton","d"
"Hiroko","u"
"Chantale","m"
"Eugenia","k"
"April","p"
"Jade","q"
"Camilla","h"
"Yvette","i"
"Clinton","y"
"Danielle","w"
"Nell","i"
"Megan","f"
"Anne-Sophie","l"
"Lee","y"
"Wyatt","k"
"Zahir","t"
